{
  "train_loss": [
    0.3900536377197336,
    0.30907467994594534,
    0.2900305206789294,
    0.27836000521500204,
    0.27476094112746885,
    0.2637880039947659,
    0.2590176975384802,
    0.25642873106551695,
    0.2543228052104466,
    0.2531786578823192,
    0.25120876758334326,
    0.24633680353137413,
    0.24604291573691495,
    0.24535948428005558,
    0.24449051739845212,
    0.24385597343775953,
    0.24290068374991,
    0.24335672540356157,
    0.2440810356648755,
    0.24386418857744208
  ],
  "train_acc": [
    0.8857996622060543,
    0.9393270105235806,
    0.949590749642718,
    0.9579706379108743,
    0.9610887358711186,
    0.9666103676757178,
    0.9693387033909315,
    0.9704430297518514,
    0.9720670391061452,
    0.9731064050928934,
    0.9753800181889047,
    0.978238274652462,
    0.9779784331557749,
    0.978498116149149,
    0.9792776406392101,
    0.9793426010133819,
    0.9801221255034429,
    0.9794725217617254,
    0.9794725217617254,
    0.9790177991425231
  ],
  "val_loss": [
    0.3017550438922774,
    0.27922538171367584,
    0.27363894736878924,
    0.26471508580689146,
    0.26072917515207605,
    0.2707030705150018,
    0.26788091207372733,
    0.2585638999191571,
    0.26160133322204543,
    0.258365900277344,
    0.2657414903835069,
    0.2561355904725652,
    0.25760701091311944,
    0.2575498957619024,
    0.26314152079316144,
    0.2566837289863993,
    0.2611344375580456,
    0.25429480001096816,
    0.2545085982095485,
    0.2696508397876656
  ],
  "val_acc": [
    0.9507836990595612,
    0.961755485893417,
    0.9623824451410659,
    0.9692789968652038,
    0.9695924764890282,
    0.9655172413793104,
    0.9695924764890282,
    0.9717868338557993,
    0.9702194357366771,
    0.9721003134796238,
    0.9661442006269593,
    0.9736677115987461,
    0.9702194357366771,
    0.9711598746081505,
    0.9664576802507837,
    0.9702194357366771,
    0.9699059561128527,
    0.974294670846395,
    0.9730407523510972,
    0.9630094043887147
  ],
  "val_auc": [
    0.9871741879786434,
    0.9913019897549601,
    0.99258461077768,
    0.9937489646648062,
    0.9941009786306816,
    0.9937513538998688,
    0.9940149661684315,
    0.993966385055494,
    0.9943566267823694,
    0.9947950514163386,
    0.9934849541903997,
    0.994119296099494,
    0.9940914216904316,
    0.9940432387833377,
    0.9934550887521184,
    0.9938363708475094,
    0.9938298004510876,
    0.9941734520942441,
    0.9939544388801815,
    0.9938182524816187
  ]
}